genus	PR2_family	corrected_family
Echinuria	Chromadorea_X	Acuariidae
Synhimantus	Chromadorea_X	Acuariidae
Agfa	Chromadorea_X	Agfidae
Alaninema	Chromadorea_X	Alaninematidae
Bradynema	Chromadorea_X	Allantonematidae
Alloionema	Chromadorea_X	Alloionematidae
Rhabditophanes	Chromadorea_X	Alloionematidae
Parasitylenchus	Chromadorea_X	Allontonematidae
Amidostomum	Chromadorea_X	Amidostomatidae
Ancylostoma	Chromadorea_X	Ancylostomatidae
Necator	Chromadorea_X	Ancylostomatidae
Angiostoma	Chromadorea_X	Angiostomatidae
Gurltia	Chromadorea_X	Angiostrongylidae
Anguina	Chromadorea_X	Anguinidae
Anguinata	Chromadorea_X	Anguinidae
Ditylenchus	Chromadorea_X	Anguinidae
Ficotylus	Chromadorea_X	Anguinidae
Halenchus	Chromadorea_X	Anguinidae
Litylenchus	Chromadorea_X	Anguinidae
Loa	Chromadorea_X	Anguinidae
Nothotylenchus	Chromadorea_X	Anguinidae
Nudora	Chromadorea_X	Anguinidae
Pseudhalenchus	Chromadorea_X	Anguinidae
Subanguina	Chromadorea_X	Anguinidae
Anguillicola	Chromadorea_X	Angullicolidae
Anguillicoloides	Chromadorea_X	Angullicolidae
Goezia	Chromadorea_X	Anisakidae
Gongylonema	Chromadorea_X	Anisakidae
Hysterothylacium	Chromadorea_X	Anisakidae
Iheringascaris	Chromadorea_X	Anisakidae
Raphidascaris	Chromadorea_X	Anisakidae
Sulcascaris	Chromadorea_X	Anisakidae
Terranova	Chromadorea_X	Anisakidae
Pseudoterranova	Chromadorea_X	Ansakidae
Aphanolaimus	Chromadorea_X	Aphanolaimidae
Aphanonchus	Chromadorea_X	Aphanolaimidae
Aphelenchus	Chromadorea_X	Aphelenchidae
Anomyctus	Chromadorea_X	Aphelenchoididae
Aphelenchoides	Chromadorea_X	Aphelenchoididae
Aprutides	Chromadorea_X	Aphelenchoididae
Bursaphelenchus	Chromadorea_X	Aphelenchoididae
Devibursaphelenchus	Chromadorea_X	Aphelenchoididae
Laimaphelenchus	Chromadorea_X	Aphelenchoididae
Noctuidonema	Chromadorea_X	Aphelenchoididae
Pseudaphelenchus	Chromadorea_X	Aphelenchoididae
Robustodorus	Chromadorea_X	Aphelenchoididae
Ruehmaphelenchus	Chromadorea_X	Aphelenchoididae
Rumai	Chromadorea_X	Aphelenchoididae
Schistonchus	Chromadorea_X	Aphelenchoididae
Sheraphelenchus	Chromadorea_X	Aphelenchoididae
Ascaris	Chromadorea_X	Ascarididae
Baylisascaris	Chromadorea_X	Ascarididae
Dujardinascaris	Chromadorea_X	Ascarididae
Ortleppascaris	Chromadorea_X	Ascarididae
Toxascaris	Chromadorea_X	Ascarididae
Ascaridia	Chromadorea_X	Ascaridiidae
Aspidodera	Chromadorea_X	Aspidoderidae
Paraspidodera	Chromadorea_X	Aspidoderidae
Parastrongyloides	Chromadorea_X	Aspidoderidae
Rondonia	Chromadorea_X	Atractidae
Rostellascaris	Chromadorea_X	Atractidae
Eutylenchus	Chromadorea_X	Atylenchidae
Aulolaimus	Chromadorea_X	Auloaimidae
Ascolaimus	Chromadorea_X	Axonolaimidae
Axonolaimus	Chromadorea_X	Axonolaimidae
Odontophora	Chromadorea_X	Axonolaimidae
Oesophagostomum	Chromadorea_X	Axonolaimidae
Parodontophora	Chromadorea_X	Axonolaimidae
Belonolaimus	Chromadorea_X	Belonolaimidae
Carphodorus	Chromadorea_X	Belonolaimidae
Ibipora	Chromadorea_X	Belonolaimidae
Ichthyocephaloides	Chromadorea_X	Belonolaimidae
Morulaimus	Chromadorea_X	Belonolaimidae
Muellerius	Chromadorea_X	Belonolaimidae
Plectonchus	Chromadorea_X	Brevibuccdae
Brevibucca	Chromadorea_X	Brevibuccidase
Bunonema	Chromadorea_X	Bunonematidae
Caloosia	Chromadorea_X	Caloosiidae
Hemicaloosia	Chromadorea_X	Caloosiidae
Camacolaimus	Chromadorea_X	Camacolaimidae
Setostephanolaimus	Chromadorea_X	Camacolaimidae
Camallanus	Chromadorea_X	Camallanidae
Paracamallanus	Chromadorea_X	Camallanidae
Procamallanus	Chromadorea_X	Camallanidae
Spirocamallanus	Chromadorea_X	Camallanidae
Spirocerca	Chromadorea_X	Camallanidae
Brumptaemilius	Chromadorea_X	Carnoyidae
Carnoya	Chromadorea_X	Carnoyidae
Carnoyidae	Chromadorea_X	Carnoyidae
Cattiena	Chromadorea_X	Carnoyidae
Acrobeles	Chromadorea_X	Cephalobidae
Acrobeloides	Chromadorea_X	Cephalobidae
Cephalobidae	Chromadorea_X	Cephalobidae
Cephalobus	Chromadorea_X	Cephalobidae
Cervidellus	Chromadorea_X	Cephalobidae
Chiloplacus	Chromadorea_X	Cephalobidae
Eucephalobus	Chromadorea_X	Cephalobidae
Heterocephalobus	Chromadorea_X	Cephalobidae
Heterocheilus	Chromadorea_X	Cephalobidae
Pseudacrobeles	Chromadorea_X	Cephalobidae
Scottnema	Chromadorea_X	Cephalobidae
Zeldia	Chromadorea_X	Cephalobidae
Zoniolaimus	Chromadorea_X	Cephalobidae
Seleborca	Chromadorea_X	Cepholabidae
Ceramonema	Chromadorea_X	Ceramonematodae
Cyclodontostomum	Chromadorea_X	Chabertiidae
Choanolaimus	Chromadorea_X	Choanolaimiae
Atrochromadora	Chromadorea_X	Chromadoridae
Chromadora	Chromadorea_X	Chromadoridae
Chromadorina	Chromadorea_X	Chromadoridae
Ptycholaimellus	Chromadorea_X	Chromadoridae
Spilophorella	Chromadorea_X	Chromadoridae
Chronogaster	Chromadorea_X	Chronogastridae
Anguinoides	Chromadorea_X	Cmacolaimidae
Anisakis	Chromadorea_X	Cmacolaimidae
Comesomatidae	Chromadorea_X	Comesomatidae
Dorylaimopsis	Chromadorea_X	Comesomatidae
Pierrickia	Chromadorea_X	Comesomatidae
Sabatieria	Chromadorea_X	Comesomatidae
Salmonema	Chromadorea_X	Comesomatidae
Setosabatieria	Chromadorea_X	Comesomatidae
Cosmocercoides	Chromadorea_X	Cosmocercidae
Creagrocercus	Chromadorea_X	Cosmocercidae
Labeonema	Chromadorea_X	Cosmocercidae
Labiostrongylus	Chromadorea_X	Cosmocercidae
Nemhelix	Chromadorea_X	Cosmocercidae
Raillietnema	Chromadorea_X	Cosmocercidae
Troglostrongylus	Chromadorea_X	Crenosomatidae
Criconema	Chromadorea_X	Criconematidae
Criconemoides	Chromadorea_X	Criconematidae
Crossonema	Chromadorea_X	Criconematidae
Lobocriconema	Chromadorea_X	Criconematidae
Mesocriconema	Chromadorea_X	Criconematidae
Ogma	Chromadorea_X	Criconematidae
Xenocriconemella	Chromadorea_X	Criconematidae
Hemicriconemoides	Chromadorea_X	Criconematodae
Cucullanus	Chromadorea_X	Cucullanidae
Dichelyne	Chromadorea_X	Cucullanidae
Truttaedacnitis	Chromadorea_X	Cucullanidae
Trypanoxyuris	Chromadorea_X	Cucullanidae
Cyartonema	Chromadorea_X	Cyartonematidae
Achromadora	Chromadorea_X	Cyatholaimidae
Cyatholaimidae	Chromadorea_X	Cyatholaimidae
Cyatholaimus	Chromadorea_X	Cyatholaimidae
Paracanthonchus	Chromadorea_X	Cyatholaimidae
Paracyatholaimus	Chromadorea_X	Cyatholaimidae
Praeacanthonchus	Chromadorea_X	Cyatholaimidae
Myctolaimus	Chromadorea_X	Cylindrocorporidae
Domorganus	Chromadorea_X	Cylindrolaimidae
Cylindrolaimus	Chromadorea_X	Cylindrolamidae
Ascarophis	Chromadorea_X	Cystidicolidae
Metabronema	Chromadorea_X	Cystidicolidae
Neoascarophis	Chromadorea_X	Cystidicolidae
Spinitectus	Chromadorea_X	Cystidicolidae
Acanthopharynx	Chromadorea_X	Desmodoridae
Catanema	Chromadorea_X	Desmodoridae
Desmodora	Chromadorea_X	Desmodoridae
Desmolaimus	Chromadorea_X	Desmodoridae
Eubostrichus	Chromadorea_X	Desmodoridae
Laxus	Chromadorea_X	Desmodoridae
Leptonemella	Chromadorea_X	Desmodoridae
Metachromadora	Chromadorea_X	Desmodoridae
Molgolaimus	Chromadorea_X	Desmodoridae
Spirinia	Chromadorea_X	Desmodoridae
Stilbonema	Chromadorea_X	Desmodoridae
Xyzzors	Chromadorea_X	Desmodoridae
Zalonema	Chromadorea_X	Desmodoridae
Desmoscolex	Chromadorea_X	Desmoscolecidae
Paratricoma	Chromadorea_X	Desmoscolecidae
Tricoma	Chromadorea_X	Desmoscolecidae
Greeffiella	Chromadorea_X	Desmoscolecoidea
Kalicephalus	Chromadorea_X	Diaphanocephalidae
Eustrongylides	Chromadorea_X	Dioctophymatoidea
Aduncospiculum	Chromadorea_X	Diplogasteroididae
Demaniella	Chromadorea_X	Diplogasteroididae
Diplogasteroides	Chromadorea_X	Diplogasteroididae
Rhabditolaimus	Chromadorea_X	Diplogasteroididae
Acrostichus	Chromadorea_X	Diplogastridae
Butlerius	Chromadorea_X	Diplogastridae
Diplogaster	Chromadorea_X	Diplogastridae
Diplogasterid	Chromadorea_X	Diplogastridae
Diplogastrellus	Chromadorea_X	Diplogastridae
Diplogastridae	Chromadorea_X	Diplogastridae
Parapristionchus	Chromadorea_X	Diplogastridae
Parasitodiplogaster	Chromadorea_X	Diplogastridae
Teratodiplogaster	Chromadorea_X	Diplogastridae
Diplopeltula	Chromadorea_X	Diplopeltidae
Diploscapter	Chromadorea_X	Diploscapteridae
Dirofilaria	Chromadorea_X	Diploscapteridae
Serratospiculum	Chromadorea_X	Diplotriaenidae
Dolichodorus	Chromadorea_X	Dolichodoridae
Neodolichodorus	Chromadorea_X	Dolichodoridae
Dracograllus	Chromadorea_X	Draconematidae
Draconema	Chromadorea_X	Draconematidae
Draconematidae	Chromadorea_X	Draconematidae
Dracunculus	Chromadorea_X	Draconematidae
Paradraconema	Chromadorea_X	Draconematidae
Parafilaroides	Chromadorea_X	Draconematidae
Prochaetosoma	Chromadorea_X	Draconematodidae
Dicelis	Chromadorea_X	Drilonematidae
Robbea	Chromadorea_X	Desmodoridae
Ecphyadophora	Chromadorea_X	Ecphyadophoridae
Cryptaphelenchus	Chromadorea_X	Ektaphelenchidae
Steineria	Chromadorea_X	Ektaphelenchidae
Ektaphelenchoides	Chromadorea_X	Ektaphelenchoidae
Ektaphelenchus	Chromadorea_X	Ektaphelenchoidae
Syngamus	Chromadorea_X	Enchelidiidae
Enterobius	Chromadorea_X	Enoplidae
Peraphelenchus	Chromadorea_X	Entaphelenchidae
Epsilonema	Chromadorea_X	Epsilonematidae
Epsilonematidae	Chromadorea_X	Epsilonematidae
Ethmolaimus	Chromadorea_X	Ethmolaimidae
Brugia	Chromadorea_X	Filarioidea
Breinlia	Chromadorea_X	Filarioidea
Dipetalonema	Chromadorea_X	Filaroidea
Didelphostrongylus	Chromadorea_X	Filaroididae
Echinocephalus	Chromadorea_X	Gnathostomatidae
Gnathostoma	Chromadorea_X	Gnathostomatidae
Spiroxys	Chromadorea_X	Gnathostomatidae
Tanqua	Chromadorea_X	Gnathostomatidae
Hadjelia	Chromadorea_X	Habronematidae
Haemonchus	Chromadorea_X	Haemonchidae
Paraphanolaimus	Chromadorea_X	Halaphanolaimidae
Hassalstrongylus	Chromadorea_X	Heligmonelidae
Carolinensis	Chromadorea_X	Heligmonellidae
Viannaia	Chromadorea_X	Heligmosomoidea
Hemicycliophora	Chromadorea_X	Hemicycliophoridae
Loofia	Chromadorea_X	Hemicycliophoridae
Austrostrongylus	Chromadorea_X	Herpetostrongylidae
Multicaecum	Chromadorea_X	Heterocheilidae
Contracaecum	Chromadorea_X	Heterochelidae
Cactodera	Chromadorea_X	Heteroderidae
Cryphodera	Chromadorea_X	Heteroderidae
Globodera	Chromadorea_X	Heteroderidae
Heterodera	Chromadorea_X	Heteroderidae
Punctodera	Chromadorea_X	Heteroderidae
Vittatidera	Chromadorea_X	Heteroderidae
Aspiculuris	Chromadorea_X	Heteroxynematidae
Heth	Chromadorea_X	Hethidae
Perodira	Chromadorea_X	Homungellidae
Petrovinema	Chromadorea_X	Homungellidae
Helicotylenchus	Chromadorea_X	Hoplolaimidae
Heligmosomoides	Chromadorea_X	Hoplolaimidae
Hoplolaimus	Chromadorea_X	Hoplolaimidae
Rotylenchus	Chromadorea_X	Hoplolaimidae
Scutellonema	Chromadorea_X	Hoplolaimidae
Chromadorita	Chromadorea_X	Hypodontolaimidae
Dictyocaulus	Chromadorea_X	Hypodontolaimidae
Xystrognathus	Chromadorea_X	Ichthyocephalidae
Isolaimium	Chromadorea_X	Isolaimidae
Falcaustra	Chromadorea_X	Kathlaniidae
Alaimella	Chromadorea_X	Leptolaimidae
Cynura	Chromadorea_X	Leptolaimidae
Deontolaimus	Chromadorea_X	Leptolaimidae
Haliplectus	Chromadorea_X	Leptolaimidae
Hemiplectus	Chromadorea_X	Leptolaimidae
Herpetostrongylus	Chromadorea_X	Leptolaimidae
Heterakis	Chromadorea_X	Leptolaimidae
Leptolaimus	Chromadorea_X	Leptolaimidae
Pakira	Chromadorea_X	Leptolaimidae
Paraplectonema	Chromadorea_X	Leptolaimidae
Procamacolaimus	Chromadorea_X	Leptolaimidae
Syphacia	Chromadorea_X	Leptosomatidae
Linhomoeidae	Chromadorea_X	Linhomoeidae
Paralinhomoeus	Chromadorea_X	Linhomoeidae
Terschellingia	Chromadorea_X	Linhomoeidae
Tetrabothriostrongylus	Chromadorea_X	Linhomoeidae
Tetrameres	Chromadorea_X	Linhomoeidae
Meloidogyne	Chromadorea_X	Meloidogynidae
Crustorhabditis	Chromadorea_X	Mesorhabditidae
Cruzia	Chromadorea_X	Mesorhabditidae
Cruznema	Chromadorea_X	Mesorhabditidae
Distolabrellus	Chromadorea_X	Mesorhabditidae
Mesorhabditis	Chromadorea_X	Mesorhabditidae
Parasitorhabditis	Chromadorea_X	Mesorhabditidae
Teratorhabditis	Chromadorea_X	Mesorhabditidae
Angiostrongylus	Chromadorea_X	Metastrongylidae
Crenosoma	Chromadorea_X	Metastrongylidae
Skrjabingylus	Chromadorea_X	Metastrongylidae
Metastrongyloidea	Chromadorea_X	Metastrongyloidea
Metastrongylus	Chromadorea_X	Metastrongyloidea
Euteratocephalus	Chromadorea_X	Metateratocephalidae
Metateratocephalus	Chromadorea_X	Metateratocephalidae
Mexiconema	Chromadorea_X	Metateratocephalidae
Calomicrolaimus	Chromadorea_X	Microlaimidae
Prodesmodora	Chromadorea_X	Microlaimidae
Micropleura	Chromadorea_X	Micropleuridae
Nematodirella	Chromadorea_X	Molineidae
Nematodirus	Chromadorea_X	Molineidae
Diplolaimella	Chromadorea_X	Monhysteridae
Diplolaimelloides	Chromadorea_X	Monhysteridae
Eumonhystera	Chromadorea_X	Monhysteridae
Geomonhystera	Chromadorea_X	Monhysteridae
Halomonhystera	Chromadorea_X	Monhysteridae
Monhystera	Chromadorea_X	Monhysteridae
Monhystrella	Chromadorea_X	Monhysteridae
Tridentulus	Chromadorea_X	Monhysteridae
Monoposthia	Chromadorea_X	Monoposthiidae
Myolaimus	Chromadorea_X	Myolaimidae
Koerneria	Chromadorea_X	Neodiplogastridae
Krefftascaris	Chromadorea_X	Neodiplogastridae
Micoletzkya	Chromadorea_X	Neodiplogastridae
Mononchoides	Chromadorea_X	Neodiplogastridae
Neodiplogaster	Chromadorea_X	Neodiplogastridae
Oigolaimella	Chromadorea_X	Neodiplogastridae
Pristionchus	Chromadorea_X	Neodiplogastridae
Fictor	Chromadorea_X	Neodipogastridae
Filarinema	Chromadorea_X	Neodipogastridae
Filarioid	Chromadorea_X	Neodipogastridae
Filaroides	Chromadorea_X	Neodipogastridae
Deladenus	Chromadorea_X	Neotylenchidae
Deletrocephalus	Chromadorea_X	Neotylenchidae
Fergusobia	Chromadorea_X	Neotylenchidae
Hexatylus	Chromadorea_X	Neotylenchidae
Odontopharynx	Chromadorea_X	Odontopharyngidae
Acanthocheilonema	Chromadorea_X	Onchocercidae
Setaria_2	Chromadorea_X	Onchocercidae
Vexillata	Chromadorea_X	Ornithostrongylidae
Drilocephalobus	Chromadorea_X	Osstellidae
Litomosoides	Chromadorea_X	Oxystominidae
Oxyuris	Chromadorea_X	Oxystominidae
Macropoxyuris	Chromadorea_X	Oxyuridae
Parapharyngodon	Chromadorea_X	Oxyuridae
Passalurus	Chromadorea_X	Oxyuridae
Skrjabinema	Chromadorea_X	Oxyuridae
Wellcomia	Chromadorea_X	Oxyuridae
Baujardia	Chromadorea_X	Panagrolaimidae
Halicephalobus	Chromadorea_X	Panagrolaimidae
Panagrellus	Chromadorea_X	Panagrolaimidae
Panagrobelus	Chromadorea_X	Panagrolaimidae
panagrolaimoid	Chromadorea_X	Panagrolaimidae
Panagrolaimus	Chromadorea_X	Panagrolaimidae
Procephalobus	Chromadorea_X	Panagrolaimidae
Propanagrolaimus	Chromadorea_X	Panagrolaimidae
Turbatrix	Chromadorea_X	Panagrolaimidae
Turgida	Chromadorea_X	Panagrolaimidae
Paraphelenchus	Chromadorea_X	Paraphelenchidae
Paratylenchus	Chromadorea_X	Paratylenchidae
Tylenchocriconema	Chromadorea_X	Paratylenchidae
Abursanema	Chromadorea_X	Paurodontidae
Caenorhabditis	Chromadorea_X	Peloderidae
Heterorhabditis	Chromadorea_X	Peloderidae
Pellioditis	Chromadorea_X	Peloderidae
Pelodera	Chromadorea_X	Peloderidae
Phasmarhabditis	Chromadorea_X	Peloderidae
Spauligodon	Chromadorea_X	Pharyngodonidae
Thelandros	Chromadorea_X	Pharyngodonidae
Afrophilometra	Chromadorea_X	Philometridae
Alinema	Chromadorea_X	Philometridae
Allantonematidae	Chromadorea_X	Philometridae
Caranginema	Chromadorea_X	Philometridae
Clavinema	Chromadorea_X	Philometridae
Dentiphilometra	Chromadorea_X	Philometridae
Dentostomella	Chromadorea_X	Philometridae
Margolisianum	Chromadorea_X	Philometridae
Nilonema	Chromadorea_X	Philometridae
Nippostrongylus	Chromadorea_X	Philometridae
Philometra	Chromadorea_X	Philometridae
Philometroides	Chromadorea_X	Philometridae
Philonema	Chromadorea_X	Philometridae
Physaloptera	Chromadorea_X	Phylosapteridae
Heliconema	Chromadorea_X	Physalopteridae
Proleptus	Chromadorea_X	Physlopteridae
Onchium	Chromadorea_X	Plectida
Onchocerca	Chromadorea_X	Plectida
Onchocercidae	Chromadorea_X	Plectida
Anaplectus	Chromadorea_X	Plectidae
Ceratoplectus	Chromadorea_X	Plectidae
Plectidae	Chromadorea_X	Plectidae
Plectus	Chromadorea_X	Plectidae
Tylocephalus	Chromadorea_X	Plectidae
Wilsonema	Chromadorea_X	Plectidae
Wuchereria	Chromadorea_X	Plectidae
Hirschmanniella	Chromadorea_X	Pratylenchidae
Hoplotylus	Chromadorea_X	Pratylenchidae
Hovorkonema	Chromadorea_X	Pratylenchidae
Howardula	Chromadorea_X	Pratylenchidae
Nacobbus	Chromadorea_X	Pratylenchidae
Pratylenchoides	Chromadorea_X	Pratylenchidae
Pratylenchus	Chromadorea_X	Pratylenchidae
Radopholus	Chromadorea_X	Pratylenchidae
Zygotylenchus	Chromadorea_X	Pratylenchidae
Prodontorhabditis	Chromadorea_X	Protorhabditidae
Protorhabditis	Chromadorea_X	Protorhabditidae
Aelurostrongylus	Chromadorea_X	Protostrongylidae
Parelaphostrongylus	Chromadorea_X	Protostrongylidae
Protostrongylus	Chromadorea_X	Protostrongylidae
Protozoophaga	Chromadorea_X	Protostrongylidae
Halocercus	Chromadorea_X	Pseudaliidae
Pseudalius	Chromadorea_X	Pseudaliidae
Stenurus	Chromadorea_X	Pseudaliidae
Stephanurus	Chromadorea_X	Pseudaliidae
Pseudodiplogasterid	Chromadorea_X	Pseudodiplogasteroididae
Pseudodiplogasteroides	Chromadorea_X	Pseudodiplogasteroididae
Psilenchus	Chromadorea_X	Psilenchidae
Paraquimperia	Chromadorea_X	Quimperiidae
Parascaris	Chromadorea_X	Quimperiidae
Rhabdias	Chromadorea_X	Rhabdiasidae
Fescia	Chromadorea_X	Rhabditida
Cephaloboides	Chromadorea_X	Rhabditidae
Choriorhabditis	Chromadorea_X	Rhabditidae
Curviditis	Chromadorea_X	Rhabditidae
Cuticularia	Chromadorea_X	Rhabditidae
Heterorhabditidoides	Chromadorea_X	Rhabditidae
Oscheius	Chromadorea_X	Rhabditidae
Oslerus	Chromadorea_X	Rhabditidae
Ostertagia	Chromadorea_X	Rhabditidae
Poikilolaimus	Chromadorea_X	Rhabditidae
Porrocaecum	Chromadorea_X	Rhabditidae
Rhabditella	Chromadorea_X	Rhabditidae
Rhabditidae	Chromadorea_X	Rhabditidae
Rhabditidoides	Chromadorea_X	Rhabditidae
Rhabditinae	Chromadorea_X	Rhabditidae
Rhabditis	Chromadorea_X	Rhabditidae
Rhabditoid	Chromadorea_X	Rhabditidae
Rhabditoides	Chromadorea_X	Rhabditidae
Rhabdochona	Chromadorea_X	Rhabdochonidae
Rhigonema	Chromadorea_X	Rhigonematidae
Rotylenchulus	Chromadorea_X	Rotylenchulidae
Seinura	Chromadorea_X	Seinuridae
Halichoanolaimus	Chromadorea_X	Selachinematidae
Synonchiella	Chromadorea_X	Selachinematidae
Linstowinema	Chromadorea_X	Seuratidae
Astomonema	Chromadorea_X	Siphonolaimidae
Esocinema	Chromadorea_X	Skrjabillanidae
Molnaria	Chromadorea_X	Skrjabillanidae
Skrjabillanus	Chromadorea_X	Skrjabillanidae
Sphaerolaimus	Chromadorea_X	Sphaerolaimidae
Meloidoderita	Chromadorea_X	Sphaeronematidae
Sphaerularia	Chromadorea_X	Sphaerularidae
Cyrnea	Chromadorea_X	Spiruridae
Spiruridae	Chromadorea_X	Spiruridae
Spiruroidea	Chromadorea_X	Spiruridae
Cystidicola	Chromadorea_X	Spiruroidea
Dacnitoides	Chromadorea_X	Spiruroidea
Streptopharagus	Chromadorea_X	Spiruroidea
Strongyloides	Chromadorea_X	Spiruroidea
Sphaeronema	Chromadorea_X	Spphaeronematidae
Steinernema	Chromadorea_X	Steinernematidae
Chabertia	Chromadorea_X	Strongylata
Cylicocyclus	Chromadorea_X	Strongylidae
Strongylus	Chromadorea_X	Strongylidae
Hypodontus	Chromadorea_X	Strongyloidea
Tarvaia	Chromadorea_X	Tarvaiidae
Amplimerlinius	Chromadorea_X	Telotylenchidae
Bitylenchus	Chromadorea_X	Telotylenchidae
Geocenamus	Chromadorea_X	Telotylenchidae
Macrotrophurus	Chromadorea_X	Telotylenchidae
Merlinius	Chromadorea_X	Telotylenchidae
Nagelus	Chromadorea_X	Telotylenchidae
Neodolichorhynchus	Chromadorea_X	Telotylenchidae
Sauertylenchus	Chromadorea_X	Telotylenchidae
Scutylenchus	Chromadorea_X	Telotylenchidae
Telotylenchus	Chromadorea_X	Telotylenchidae
Trophurus	Chromadorea_X	Telotylenchidae
Tylenchorhynchus	Chromadorea_X	Telotylenchidae
Teratocephalus	Chromadorea_X	Teratocephalidae
Microtetrameres	Chromadorea_X	Tetrameridae
Thelastoma	Chromadorea_X	Thelastomatidae
Thelazia	Chromadorea_X	Thelastomatidae
Leidynema	Chromadorea_X	Thelastornatidae
Oxyspirura	Chromadorea_X	Thelaziidae
Toxocara	Chromadorea_X	Toxocaridae
Oswaldocruzia	Chromadorea_X	Trichostrongylidae
Otostrongylus	Chromadorea_X	Trichostrongylidae
Travassostrongylus	Chromadorea_X	Trichostrongylidae
Trichostrongylus	Chromadorea_X	Trichostrongylidae
Tylenchida	Chromadorea_X	Tylenchida
Tylenchidae	Chromadorea_X	Tylenchida
Aglenchus	Chromadorea_X	Tylenchidae
Basiria	Chromadorea_X	Tylenchidae
Boleodorus	Chromadorea_X	Tylenchidae
Cephalenchus	Chromadorea_X	Tylenchidae
Coslenchus	Chromadorea_X	Tylenchidae
Filenchus	Chromadorea_X	Tylenchidae
Irantylenchus	Chromadorea_X	Tylenchidae
Lelenchus	Chromadorea_X	Tylenchidae
Malenchus	Chromadorea_X	Tylenchidae
Miculenchus	Chromadorea_X	Tylenchidae
Neopsilenchus	Chromadorea_X	Tylenchidae
Nicollina	Chromadorea_X	Tylenchidae
Ottolenchus	Chromadorea_X	Tylenchidae
Skarbilovinema	Chromadorea_X	Tylenchidae
Tylenchus	Chromadorea_X	Tylenchidae
Trophomera	Chromadorea_X	Tylenchulidae
Tylenchulus	Chromadorea_X	Tylenchulidae
Tylopharynx	Chromadorea_X	Tylopharyngidae
Siconema	Chromadorea_X	Ugellidae
Drasico	Chromadorea_X	Ungellidae
Daptonema	Chromadorea_X	Xyalidae
Metadesmolaimus	Chromadorea_X	Xyalidae
Theristus	Chromadorea_X	Xyalidae
Zygonemella	Chromadorea_X	Xyalidae
Dichromadora	Chromadoridae	Hypodontolaimidae
Paractinolaimus	Enoplea_X	Actinolaimidae
Alaimus	Enoplea_X	Alaimidae
Paramphidelus	Enoplea_X	Amphedilidae
Anatonchus	Enoplea_X	Anatonchidae
Miconchus	Enoplea_X	Anatonchidae
Anoplostoma	Enoplea_X	Anoplostomatidae
Chaetonema	Enoplea_X	Anoplostomatidae
Anticoma	Enoplea_X	Anticomidae
Anticomidae	Enoplea_X	Anticomidae
Cephalanticoma	Enoplea_X	Anticomidae
Aporcelaimellus	Enoplea_X	Aporcelaimidae
Aporcelaimus	Enoplea_X	Aporcelaimidae
Metaporcelaimus	Enoplea_X	Aporcelaimidae
Sectonema	Enoplea_X	Aporcelaimidae
Bastiania	Enoplea_X	Bastianiidae
Dintheria	Enoplea_X	Bastianiidae
Axonchium	Enoplea_X	Belondiridae
Campydora	Enoplea_X	Campydordae
Capillaria	Enoplea_X	Capillaridae
Eucoleus	Enoplea_X	Capillariidae
Chrysonema	Enoplea_X	Chrysonematidae
Bathyodontus	Enoplea_X	Cryptonchidae
Cryptonchus	Enoplea_X	Cryptonchidae
Diphterophora	Enoplea_X	Diphtherophoridae
Diphtherophora	Enoplea_X	Diphtherophoridae
Tylolaimophorus	Enoplea_X	Diphtherophoridae
Dorylaimellus	Enoplea_X	Dorylaimellidae
Calcaridorylaimus	Enoplea_X	Dorylaimidae
Dorylaimus	Enoplea_X	Dorylaimidae
Laimydorus	Enoplea_X	Dorylaimidae
Mesodorylaimus	Enoplea_X	Dorylaimidae
Prodorylaimus	Enoplea_X	Dorylaimidae
UnclassifiedDorylaimidae	Enoplea_X	Dorylaimidae
Bathyeurystomina	Enoplea_X	Enchelidiidae
Calyptronema	Enoplea_X	Enchelidiidae
Symplocostoma	Enoplea_X	Enchelidiidae
Enoplus	Enoplea_X	Enoplidae
Pareurystomina	Enoplea_X	Eurystominidae
Halalaimus	Enoplea_X	Halalaimidae
Ironus	Enoplea_X	Ironidae
Syringolaimus	Enoplea_X	Ironidae
Thalassoalaimus	Enoplea_X	Ironidae
Trissonchulus	Enoplea_X	Ironidae
Funaria_nematode	Enoplea_X	Leptonchidae
Leptonchus	Enoplea_X	Leptonchidae
Proleptonchus	Enoplea_X	Leptonchidae
Pseudocella	Enoplea_X	Leptosomaticlae
Deontostoma	Enoplea_X	Leptosomatidae
Leptosomatides	Enoplea_X	Leptosomatidae
Synonchus	Enoplea_X	Leptosomatidae
Thoracostoma	Enoplea_X	Leptosomatidae
Longidorus	Enoplea_X	Longidoridae
Paralongidorus	Enoplea_X	Longidoridae
Xiphidorus	Enoplea_X	Longidoridae
Xiphinema	Enoplea_X	Longidoridae
Agamermis	Enoplea_X	Mermithidae
Amphimermis	Enoplea_X	Mermithidae
Isomermis	Enoplea_X	Mermithidae
Limnomermis	Enoplea_X	Mermithidae
Mermis	Enoplea_X	Mermithidae
Mermithid	Enoplea_X	Mermithidae
Mermithidae	Enoplea_X	Mermithidae
Romanomermis	Enoplea_X	Mermithidae
Clarkus	Enoplea_X	Mononchidae
Coomansus	Enoplea_X	Mononchidae
Granonchulus	Enoplea_X	Mononchidae
Mononchus	Enoplea_X	Mononchidae
Prionchulus	Enoplea_X	Mononchidae
Dorylaimoides	Enoplea_X	Mydonomidae
Actus	Enoplea_X	Mylonchulidae
Mylonchulus	Enoplea_X	Mylonchulidae
Californidorus	Enoplea_X	Nordiidae
Enchodelus	Enoplea_X	Nordiidae
Longidorella	Enoplea_X	Nordiidae
Pungentus	Enoplea_X	Nordiidae
Aquatides	Enoplea_X	Nygolaimidae
Clavicaudoides	Enoplea_X	Nygolaimidae
Nygolaimus	Enoplea_X	Nygolaimidae
Octomyomermis	Enoplea_X	Nygolaimidae
Paravulvus	Enoplea_X	Nygolaimidae
Solididens	Enoplea_X	Nygolaimidae
Odontolaimus	Enoplea_X	Odontolaimidae
Adoncholaimus	Enoplea_X	Oncholaimidae
Thoracostomopsidae	Enoplea_X	Oncholaimidae
Viscosia	Enoplea_X	Oncholaimidae
Oncholaimellus	Enoplea_X	Oncholamidae
Oncholaimidae	Enoplea_X	Oncholamidae
Oncholaimus	Enoplea_X	Oncholamidae
Stenonchulus	Enoplea_X	Onchulidae
Litinium	Enoplea_X	Oxystominidae
Oxystomina	Enoplea_X	Oxystominidae
Oxystominidae	Enoplea_X	Oxystominidae
Paraxonchium	Enoplea_X	Paraxonchiidae
Phanoderma	Enoplea_X	Phanodermatidae
Phanodermatidae	Enoplea_X	Phanodermatidae
Phanodermopsis	Enoplea_X	Phanodermatidae
Prismatolaimus	Enoplea_X	Prismatolaimidae
Allodorylaimus	Enoplea_X	Qudsianematidae
Carcharodiscus	Enoplea_X	Qudsianematidae
Discolaimus	Enoplea_X	Qudsianematidae
Ecumenicus	Enoplea_X	Qudsianematidae
Epidorylaimus	Enoplea_X	Qudsianematidae
Eudorylaimus	Enoplea_X	Qudsianematidae
Microdorylaimus	Enoplea_X	Qudsianematidae
Thonus	Enoplea_X	Qudsianematidae
Labronema	Enoplea_X	Quidsianematidae
Oxydirus	Enoplea_X	Sewangeriidae
Soboliphyme	Enoplea_X	Soboliphymidae
Enoploides	Enoplea_X	Thoracostomopsidae
Enoplolaimus	Enoplea_X	Thoracostomopsidae
Opisthodorylaimus	Enoplea_X	Thornenematidae
Thornia	Enoplea_X	Thorniidae
Epitobrilus	Enoplea_X	Tobrilidae
Eutobrilus	Enoplea_X	Tobrilidae
Semitobrilus	Enoplea_X	Tobrilidae
Tobrilus	Enoplea_X	Tobrilidae
UnclassifiedTobrilidae	Enoplea_X	Tobrilidae
Rhabdocoma	Enoplea_X	Trefusiidae
Trefusia	Enoplea_X	Trefusiidae
Trichinella	Enoplea_X	Trefusiidae
Trichocephalida	Enoplea_X	Trefusiidae
Nanidorus	Enoplea_X	Trichodoridae
Paratrichodorus	Enoplea_X	Trichodoridae
Trichodorus	Enoplea_X	Trichodoridae
Trichuris	Enoplea_X	Trichodoridae
Paratripyla	Enoplea_X	Tripylidae
Tripyla	Enoplea_X	Tripylidae
Tripylella	Enoplea_X	Tripylidae
Tripylina	Enoplea_X	Tripylidae
Trischistoma	Enoplea_X	Tripylidae
Bathylaimus	Enoplea_X	Tripyloididae
Tripyloides	Enoplea_X	Tripyloididae
Tylencholaimellus	Enoplea_X	Tylencholaimellidae
Tylencholaimus	Enoplea_X	Tylencholaimidae
Valvaelaimus	Enoplea_X	Xyalidae
Rhabdolaimus	Haliplectoidea	Rhabdolaimidae
Dioctophyme	Nematoda_XX	Dioctophymatidae
